exp,model,k,knn_method,embedding_size,reg_lambda,recall@10,mrr@10,ndcg@10,hit@10,precision@10
knn,ItemKNN,1,item,,,0.1774,0.3685,0.2043,0.6776,0.1345
knn,ItemKNN,5,item,,,0.2031,0.3836,0.2239,0.7296,0.1542
knn,ItemKNN,10,item,,,0.2159,0.4125,0.2465,0.7423,0.1714
knn,ItemKNN,100,item,,,0.2403,0.4633,0.2808,0.7911,0.1918
knn,ItemKNN,500,item,,,0.2352,0.4665,0.2776,0.7593,0.1825
knn,ItemKNN,1,user,,,0.123,0.1828,0.1109,0.5323,0.083
knn,ItemKNN,5,user,,,0.1823,0.3349,0.1918,0.6946,0.1297
knn,ItemKNN,10,user,,,0.2168,0.3879,0.233,0.7391,0.1587
knn,ItemKNN,100,user,,,0.2399,0.4695,0.2824,0.7741,0.1882
knn,ItemKNN,500,user,,,0.2095,0.4493,0.2524,0.7285,0.1614
bpr_emb,BPRReg,,,32,0.1,0.1897,0.397,0.224,0.6946,0.1497
bpr_emb,BPRReg,,,64,0.1,0.1878,0.3936,0.2214,0.6935,0.1477
bpr_emb,BPRReg,,,128,0.1,0.1901,0.3937,0.2241,0.6999,0.1516
bpr_emb,BPRReg,,,256,0.1,0.1939,0.3971,0.2272,0.7052,0.1547
bpr_reg,BPRReg,,,64,0.01,0.253,0.4945,0.3044,0.8049,0.207
bpr_reg,BPRReg,,,64,0.1,0.1878,0.3936,0.2214,0.6935,0.1477
bpr_reg,BPRReg,,,64,0.5,0.0921,0.2286,0.1157,0.5005,0.0894
i2i,SLIMElastic,,,,,0.2728,0.5375,0.3264,0.8261,0.2176
i2i,EASE,,,,,0.2775,0.5226,0.324,0.8335,0.2198
